<?xml version="1.0" encoding="UTF-8"?>
<!DOCTYPE suite SYSTEM "https://testng.org/testng-1.0.dtd">
<suite thread-count="5" name="Suite" parallel="tests" verbose="5">

	<test  name="French">
		<parameter name="language" value="french"></parameter>
		<classes>
			<class name="testcases.CreateLead" />
		</classes>
	</test> <!-- Test -->
	
	
	<test thread-count="5" name="English">
		<parameter name="language" value="english"></parameter>
		<classes>
			<class name="testcases.CreateLead" />
		</classes>
	</test> <!-- Test -->
	
	
	
</suite> <!-- Suite -->
